"section"	"question"	"item"	"type"	"ID"	"description"
"SO"			"section"	"SO"	"Sortieren"
"SO"	3		"question"	"SO03"	"st_intro_text"
"SO"	1		"question"	"SO01"	"st_sort_text"
"SO"	2		"question"	"SO02"	"st_sort_quest_Scr87-126"
"SO"	10		"question"	"SO10"	"st_sort_quest_Scr127-166"
"SO"	11		"question"	"SO11"	"st_sort_quest_Scr167-206"
"SO"	12		"question"	"SO12"	"st_sort_quest_Scr207-247"
"SO"	4		"question"	"SO04"	"de/pr_intro_text"
"SO"	5		"question"	"SO05"	"de/pr_sort_text"
"SO"	6		"question"	"SO06"	"de_sort_quest_Des1-40"
"SO"	13		"question"	"SO13"	"de_sort_quest_Des41-59"
"SO"	8		"question"	"SO08"	"pr_sort_text"
"SO"	9		"question"	"SO09"	"pr_sort_quest_Pro60-86"
"EI"			"section"	"EI"	"Einstieg"
"EI"	1		"question"	"EI01"	"st_03_staffel"
"EI"	1	1	"item"	"EI01_01"	"Staffel 1"
"EI"	1	2	"item"	"EI01_02"	"Staffel 2"
"EI"	1	3	"item"	"EI01_03"	"Staffel 3"
"EI"	1	4	"item"	"EI01_04"	"Staffel 4"
"EI"	1	5	"item"	"EI01_05"	"Staffel 5"
"EI"	1	6	"item"	"EI01_06"	"Staffel 6"
"EI"	1	7	"item"	"EI01_07"	"Staffel 7"
"EI"	1	8	"item"	"EI01_08"	"Staffel 8"
"EI"	1	9	"item"	"EI01_09"	"Staffel 9"
"EI"	1	10	"item"	"EI01_10"	"Staffel 10"
"EI"	1	11	"item"	"EI01_11"	"Staffel 11"
"EI"	1	12	"item"	"EI01_12"	"Staffel 12"
"EI"	1	13	"item"	"EI01_13"	"Staffel 13"
"EI"	1	14	"item"	"EI01_14"	"Staffel 14"
"EI"	1	15	"item"	"EI01_15"	"Staffel 15"
"EI"	1	16	"item"	"EI01_16"	"Keine Staffel"
"EI"	6		"question"	"EI06"	"st_03_folgen"
"EI"	6	1	"item"	"EI06_01"	"Keine Folge"
"EI"	6	2	"item"	"EI06_02"	"Eine Folge"
"EI"	6	3	"item"	"EI06_03"	"Zwei bis fünf Folgen"
"EI"	6	4	"item"	"EI06_04"	"Sechs bis zehn Folgen"
"EI"	6	5	"item"	"EI06_05"	"Zehn bis 20 Folgen"
"EI"	6	6	"item"	"EI06_06"	"21 bis 50 Folgen"
"EI"	6	7	"item"	"EI06_07"	"Mehr als 50 Folgen"
"EI"	2		"question"	"EI02"	"st_04_fan"
"EI"	2	1	"item"	"EI02_01"	
"EI"	3		"question"	"EI03"	"st_05_fandom"
"EI"	3	1	"item"	"EI03_01"	"Beschäftigen Sie sich auch über das wöchentlichen Schauen der neusten Folgen der Serie ""Der Bergdoktor"" hinaus mit der Serie oder ihren Charakteren?"
"EI"	4		"question"	"EI04"	"st_12_SoMe_time"
"EI"	4	1	"item"	"EI04_01"	"Gar nicht"
"EI"	4	2	"item"	"EI04_02"	"1/2 Stunde"
"EI"	4	3	"item"	"EI04_03"	"1 Stunde"
"EI"	4	4	"item"	"EI04_04"	"2 Stunden"
"EI"	4	5	"item"	"EI04_05"	"3 Stunden"
"EI"	4	6	"item"	"EI04_06"	"Mehr als 3 Stunden"
"EI"	5		"question"	"EI05"	"st_13_themen_insta"
"EI"	5	1	"item"	"EI05_01"	"Reisen & Destination"
"EI"	5	2	"item"	"EI05_02"	"Mode & Beauty"
"EI"	5	3	"item"	"EI05_03"	"Sport & gesundes Leben"
"EI"	5	4	"item"	"EI05_04"	"Kunst & Kultur"
"EI"	5	5	"item"	"EI05_05"	"Stars & Sternchen"
"EI"	5	6	"item"	"EI05_06"	"Kochen & Backen"
"EI"	5	7	"item"	"EI05_07"	"Neuigkeiten & News"
"EI"	5	8	"item"	"EI05_08"	"Freunde & Verwandte"
"EI"	5	9	"item"	"EI05_09"	"Comedy & Memes"
"EI"	5	10	"item"	"EI05_10"	"Heimwerken & Basteln"
"EI"	7		"question"	"EI07"	"de_03_folgen"
"EI"	7	1	"item"	"EI07_01"	"Keine Folge"
"EI"	7	2	"item"	"EI07_02"	"Eine Folge"
"EI"	7	3	"item"	"EI07_03"	"2 bis 5 Folgen"
"EI"	7	4	"item"	"EI07_04"	"6 bis 10 Folgen"
"EI"	7	5	"item"	"EI07_05"	"10 bis 20 Folgen"
"EI"	7	6	"item"	"EI07_06"	"21 bis 50 Folgen"
"EI"	7	7	"item"	"EI07_07"	"Mehr als 50 Folgen"
"EI"	8		"question"	"EI08"	"de_17_stil"
"EI"	8	1	"item"	"EI08_01"	"Aktiv"
"EI"	8	2	"item"	"EI08_02"	"Interessant"
"EI"	8	3	"item"	"EI08_03"	"Bescheiden"
"EI"	8	4	"item"	"EI08_04"	"Locker"
"EI"	8	5	"item"	"EI08_05"	"Formell"
"EI"	8	6	"item"	"EI08_06"	"Ehrlich"
"EI"	9		"question"	"EI09"	"pr_12_SoMe_time"
"EI"	9	1	"item"	"EI09_01"	"Gar nicht"
"EI"	9	2	"item"	"EI09_02"	"1/2 Stunde"
"EI"	9	3	"item"	"EI09_03"	"1 Stunde"
"EI"	9	4	"item"	"EI09_04"	"2 Stunden"
"EI"	9	5	"item"	"EI09_05"	"3 Stunden"
"EI"	9	6	"item"	"EI09_06"	"Mehr als 3 Stunden"
"EI"	10		"question"	"EI10"	"pr_17_stil"
"EI"	10	1	"item"	"EI10_01"	"Aktiv"
"EI"	10	2	"item"	"EI10_02"	"Interessant"
"EI"	10	3	"item"	"EI10_03"	"Bescheiden"
"EI"	10	4	"item"	"EI10_04"	"Locker"
"EI"	10	5	"item"	"EI10_05"	"Formell"
"EI"	10	6	"item"	"EI10_06"	"Ehrlich"
"IT"			"section"	"IT"	"Inhaltlich (Tourismus)"
"IT"	1		"question"	"IT01"	"st_20-26_some_recherche"
"IT"	1	1	"item"	"IT01_01"	"Ich habe vor dem Urlaub bei Instagram über den Wilden Kaiser recherchiert."
"IT"	1	2	"item"	"IT01_02"	"Ich habe vor oder während meines Urlaubs andere Tourismusbeiträge vom Wilden Kaiser auf Instagram wahrgnommen."
"IT"	1	3	"item"	"IT01_03"	"Ich habe mir Beiträge von Accounts der Destination angesehen (Bsp.: Visit Tirol)."
"IT"	1	4	"item"	"IT01_04"	"Ich folge den offiziellen Tourismusaccounts der Destination auf Instagram (Bsp.: Wilder Kaiser, Love Austria oder andere)"
"IT"	1	5	"item"	"IT01_05"	"Ich habe mir Beiträge von Schauspieler:innen und der Filmcrew am Wilden Kaiser angesehen."
"IT"	1	6	"item"	"IT01_06"	"Ich habe Instagram nicht genutzt, um mich über den Wilden Kaiser zu informieren."
"IT"	2		"question"	"IT02"	"st_28_some_beeinflussung"
"IT"	2	1	"item"	"IT02_01"	"Beiträge von anderen Touristen im Urlaub am Wilden Kaiser"
"IT"	2	2	"item"	"IT02_02"	"Beiträge von Schauspieler:innen und der Filmcrew am Wilden Kaiser"
"IT"	2	3	"item"	"IT02_03"	"Beiträge der lokalen Tourismussaccounts (Bsp.: Visit Tirol)"
"IT"	3		"question"	"IT03"	"st_34_situation_vor_ort"
"IT"	3	1	"item"	"IT03_01"	"Der Wilde Kaiser erschien mir vor Ort so, wie ich das auf Instagram wahrgenommen habe."
"IT"	3	2	"item"	"IT03_02"	"Es war vor Ort am Wilden Kaiser schöner als die Instagram-Bilder es zeigen konnten."
"IT"	3	3	"item"	"IT03_03"	"Meine Erwartungen durch die Instagram-Beiträge konnte der Wilde Kaiser vor Ort nicht erfüllen."
"IT"	3	4	"item"	"IT03_04"	"Ich habe mir vor dem Urlaub keine Instagram-Beiträge vom Wilden Kaiser angesehen."
"IT"	4		"question"	"IT04"	"st_63_Fantage"
"IT"	4	1	"item"	"IT04_01"	"Bisher kein Fantag"
"IT"	4	2	"item"	"IT04_02"	"1 Fantag"
"IT"	4	3	"item"	"IT04_03"	"2 Fantage"
"IT"	4	5	"item"	"IT04_05"	"3 Fantage"
"IT"	4	4	"item"	"IT04_04"	"Mehr als 3 Fantage"
"IT"	5		"question"	"IT05"	"st_64_reisedatum"
"IT"	5	1	"item"	"IT05_01"	"Ich war vom "
"IT"	5	2	"item"	"IT05_02"	"bis zum "
"IT"	5	3	"item"	"IT05_03"	"im Urlaub am Wilden Kaiser."
"IT"	6		"question"	"IT06"	"st_65_motivation"
"IT"	6	1	"item"	"IT06_01"	
"IT"	7		"question"	"IT07"	"st_66_bd_induced"
"IT"	7	1	"item"	"IT07_01"	"Die Serie ""Der Bergdoktor"" war kein Grund an den Wilden Kaiser zu reisen."
"IT"	7	2	"item"	"IT07_02"	"Die Serie ""Der Bergdoktor"" war ein Grund von vielen an den Wilden Kaiser zu reisen."
"IT"	7	3	"item"	"IT07_03"	"Die Serie ""Der Bergdoktor"" war der Hauptgrund an den Wilden Kaiser zu reisen."
"IT"	8		"question"	"IT08"	"st_68_motivation_serie"
"IT"	8	1	"item"	"IT08_01"	"Ich wollte in die Fußstapfen meiner Lieblingsschauspieler:innen treten."
"IT"	8	2	"item"	"IT08_02"	"Ich wollte selbst einmal an dem Drehort der Serie ""Der Bergdoktor"" stehen."
"IT"	8	3	"item"	"IT08_03"	"Mich interessiert der reale Ort; nicht die relevanz des Ortes als Drehort in der Serie ""Der Bergdoktor""."
"IT"	8	4	"item"	"IT08_04"	"Ich bin ein loyaler Fan und wollte das zum Ausdruck bringen."
"IT"	8	5	"item"	"IT08_05"	"Ich finde die Landschaft einfach beeindruckend und wollte sie selbst sehen."
"IT"	8	6	"item"	"IT08_06"	"Ich habe das Gefühl durch die Serie den Wilden Kaiser zu kennen."
"IT"	8	7	"item"	"IT08_07"	"Ich wollte einfach Spaß haben und mich entertainen lassen."
"IT"	8	8	"item"	"IT08_08"	"Ich wollte etwas Besonderes machen in meinem Urlaub."
"IT"	8	9	"item"	"IT08_09"	"Ich wollte etwas Neues und Ungewöhnliches wagen."
"IT"	8	10	"item"	"IT08_10"	"Ich war auf der Suche nach einer einzigartigen Erfahrung."
"IT"	8	11	"item"	"IT08_11"	"Es war nicht meine Idee, sondern die meiner Reisebegleitung."
"IT"	9		"question"	"IT09"	"st_69_orte_entdeckt"
"IT"	9	1	"item"	"IT09_01"	"Ich habe erst im Nachhinein verstanden, dass es ein Drehort war."
"IT"	9	2	"item"	"IT09_02"	"Ich bin zufällig dran vorbeigelaufen."
"IT"	9	3	"item"	"IT09_03"	"Ich habe sie gezielt aufgesucht."
"IT"	9	4	"item"	"IT09_04"	"Es war Teil einer geführten Tour."
"IT"	9	6	"item"	"IT09_06"	"Meine Reisebgleitung hat mich hingeführt."
"IT"	9	5	"item"	"IT09_05"	"Ein anderer Grund:"
"IT"	10		"question"	"IT10"	"st_71_welche Orte"
"IT"	10	1	"item"	"IT10_01"	"Gruberhof (Elternhaus/Bauernhof)"
"IT"	10	2	"item"	"IT10_02"	"Praxis des Bergdoktors"
"IT"	10	3	"item"	"IT10_03"	"Gasthof zum Wilden Kaiser"
"IT"	10	4	"item"	"IT10_04"	"Krankenhaus"
"IT"	10	5	"item"	"IT10_05"	"Dorfplatz und Kirche"
"IT"	10	6	"item"	"IT10_06"	"Apotheke"
"IT"	10	7	"item"	"IT10_07"	"Hintersteiner See"
"IT"	15		"question"	"IT15"	"st_73_orte_nahe"
"IT"	15	1	"item"	"IT15_01"	"Gruberhof (Elternhaus/Bauernhof)"
"IT"	15	2	"item"	"IT15_02"	"Praxis des Bergdoktors"
"IT"	15	3	"item"	"IT15_03"	"Gasthof zum Wilden Kaiser"
"IT"	15	4	"item"	"IT15_04"	"Krankenhaus"
"IT"	15	5	"item"	"IT15_05"	"Dorfplatz und Kirche"
"IT"	15	6	"item"	"IT15_06"	"Apotheke"
"IT"	15	7	"item"	"IT15_07"	"Hintersteiner See"
"IT"	13		"question"	"IT13"	"st_74_Wk-anzahl"
"IT"	13	1	"item"	"IT13_01"	"1 mal"
"IT"	13	2	"item"	"IT13_02"	"2 mal"
"IT"	13	3	"item"	"IT13_03"	"3 mal"
"IT"	13	4	"item"	"IT13_04"	"4 mal"
"IT"	13	5	"item"	"IT13_05"	"Mehr als 4 mal"
"IT"	13	6	"item"	"IT13_06"	"Kein mal"
"IT"	14		"question"	"IT14"	"st_75_andere_filmorte"
"IT"	14	1	"item"	"IT14_01"	"Nein"
"IT"	14	2	"item"	"IT14_02"	"Ja"
"IT"	16		"question"	"IT16"	"de_40_als erstes"
"IT"	16	1	"item"	"IT16_01"	"Die Bergdoktor-Filmtouristen an den Wilden Kaiser."
"IT"	16	2	"item"	"IT16_02"	"Die Vermarktung des Wilden Kaiser als Bergdoktor-Drehstandort."
"IT"	16	3	"item"	"IT16_03"	"Vermarktung und Filmtouristen kamen ungefähr zur gleichen Zeit."
"IT"	17		"question"	"IT17"	"de_42_strategie"
"IT"	17	1	"item"	"IT17_01"	"Nein"
"IT"	17	2	"item"	"IT17_02"	"Ja"
"IT"	18		"question"	"IT18"	"de_43_vorgaben de"
"IT"	18	1	"item"	"IT18_01"	
"IT"	19		"question"	"IT19"	"de_44_stil annäherung"
"IT"	19	1	"item"	"IT19_01"	"Screentouristen"
"IT"	19	2	"item"	"IT19_02"	"Allgemeine Touristen"
"IT"	19	3	"item"	"IT19_03"	"TV-Produktion"
"IT"	19	4	"item"	"IT19_04"	"Eigener allgemeiner Social Media-Stil"
"IT"	19	5	"item"	"IT19_05"	"Aktuellen Trends"
"IT"	19	6	"item"	"IT19_06"	"Anderes"
"IT"	20		"question"	"IT20"	"de_45_Jahreszeiten"
"IT"	20	1	"item"	"IT20_01"	"Frühling"
"IT"	20	2	"item"	"IT20_02"	"Sommer"
"IT"	20	3	"item"	"IT20_03"	"Herbst"
"IT"	20	4	"item"	"IT20_04"	"Winter"
"IT"	21		"question"	"IT21"	"de_53_ermutigen"
"IT"	21	1	"item"	"IT21_01"	"Ermutigen Sie Ihre Touristen dazu Fotos bzw. Beiträge von den Drehorten der Serie ""Der Bergdoktor"" zu machen und sie auf Instagram zu veröffentlichen?"
"IT"	21	2	"item"	"IT21_02"	"Ermutigen Sie die Film-Produktion und ihre Mitarbeiter:innen dazu Fotos bzw. Beiträge von den Drehorten der Serie ""Der Bergdoktor"" zu machen und sie auf Instagram zu veröffentlichen?"
"IT"	22		"question"	"IT22"	"de_55_image wk"
"IT"	22	1	"item"	"IT22_01"	
"IT"	23		"question"	"IT23"	"de_59_erkenntnisse"
"IT"	23	1	"item"	"IT23_01"	"Verändern"
"IT"	23	2	"item"	"IT23_02"	"Erweitern"
"IT"	23	3	"item"	"IT23_03"	"Verbessern"
"IT"	24		"question"	"IT24"	"de_60_beliebte Drehorte"
"IT"	24	1	"item"	"IT24_01"	"Gruberhof (Elternhaus/Bauernhof)"
"IT"	24	2	"item"	"IT24_02"	"Praxis des Bergdoktors"
"IT"	24	3	"item"	"IT24_03"	"Gasthof zum Wilden Kaiser"
"IT"	24	4	"item"	"IT24_04"	"Krankenhaus"
"IT"	24	5	"item"	"IT24_05"	"Dorfplatz und Kirche"
"IT"	24	6	"item"	"IT24_06"	"Apotheke"
"IT"	24	7	"item"	"IT24_07"	"Hintersteiner See"
"IT"	25		"question"	"IT25"	"de_62_beliebte Drehorte SoMe"
"IT"	25	1	"item"	"IT25_01"	"Gruberhof (Elternhaus/Bauernhof)"
"IT"	25	2	"item"	"IT25_02"	"Praxis des Bergdoktors"
"IT"	25	3	"item"	"IT25_03"	"Gasthof zum Wilden Kaiser"
"IT"	25	4	"item"	"IT25_04"	"Krankenhaus"
"IT"	25	5	"item"	"IT25_05"	"Dorfplatz und Kirche"
"IT"	25	6	"item"	"IT25_06"	"Apotheke"
"IT"	25	7	"item"	"IT25_07"	"Hintersteiner See"
"IT"	26		"question"	"IT26"	"de_63_Fantage"
"IT"	26	1	"item"	"IT26_01"	
"IT"	27		"question"	"IT27"	"de_82_vr/ar"
"IT"	27	1	"item"	"IT27_01"	"Es gab Überlegungen in der Vergangenheit."
"IT"	27	2	"item"	"IT27_02"	"Es gibt aktuell aktive Projekte."
"IT"	27	3	"item"	"IT27_03"	"Es gibt Pläne für die Zukunft."
"IT"	27	4	"item"	"IT27_04"	"Darüber haben wir uns keinerlei Gedanken gemacht."
"IT"	28		"question"	"IT28"	"pr_38_vorgaben de"
"IT"	28	1	"item"	"IT28_01"	
"IT"	29		"question"	"IT29"	"pr_47_vorgaben pr"
"IT"	29	1	"item"	"IT29_01"	
"IT"	33		"question"	"IT33"	"pr_61_beliebte Drehorte"
"IT"	33	1	"item"	"IT33_01"	"Gruberhof (Elternhaus/Bauernhof)"
"IT"	33	2	"item"	"IT33_02"	"Praxis des Bergdoktors"
"IT"	33	3	"item"	"IT33_03"	"Gasthof zum Wilden Kaiser"
"IT"	33	4	"item"	"IT33_04"	"Krankenhaus"
"IT"	33	5	"item"	"IT33_05"	"Dorfplatz und Kirche"
"IT"	33	6	"item"	"IT33_06"	"Apotheke"
"IT"	33	7	"item"	"IT33_07"	"Hintersteiner See"
"IT"	30		"question"	"IT30"	"pr_70_genutzte Drehorte"
"IT"	30	1	"item"	"IT30_01"	"Gruberhof (Elternhaus/Bauernhof)"
"IT"	30	2	"item"	"IT30_02"	"Praxis des Bergdoktors"
"IT"	30	3	"item"	"IT30_03"	"Gasthof zum Wilden Kaiser"
"IT"	30	4	"item"	"IT30_04"	"Krankenhaus"
"IT"	30	5	"item"	"IT30_05"	"Dorfplatz und Kirche"
"IT"	30	6	"item"	"IT30_06"	"Apotheke"
"IT"	30	7	"item"	"IT30_07"	"Hintersteiner See"
"IT"	31		"question"	"IT31"	"pr_63_Fantage"
"IT"	31	1	"item"	"IT31_01"	
"IT"	32		"question"	"IT32"	"pr_67_WK grund"
"IT"	32	1	"item"	"IT32_01"	
"IT"	34		"question"	"IT34"	"pr_77_WK star"
"IT"	34	1	"item"	"IT34_01"	"Ist der Wilder Kaiser der eigentliche Star der Serie?"
"IP"			"section"	"IP"	"Inhaltlich (Post)"
"IP"	15		"question"	"IP15"	"post_intro_text"
"IP"	2		"question"	"IP02"	"st_check_display_Scr87-126"
"IP"	2	1	"item"	"IP02_01"	"https://www.instagram.com/p/BjFpI0CgwTl/"
"IP"	2	2	"item"	"IP02_02"	"https://www.instagram.com/p/B62WBxrqybr/"
"IP"	2	3	"item"	"IP02_03"	"https://www.instagram.com/p/ByKkrvLoQTv/"
"IP"	2	4	"item"	"IP02_04"	"https://www.instagram.com/p/B2JjnYZJbwJ/"
"IP"	2	5	"item"	"IP02_05"	"https://www.instagram.com/p/B6tHCJUn0KW/"
"IP"	2	6	"item"	"IP02_06"	"https://www.instagram.com/p/B8CLEJRqesi/"
"IP"	2	7	"item"	"IP02_07"	"https://www.instagram.com/p/B8wjLzKn4pA/"
"IP"	2	8	"item"	"IP02_08"	"https://www.instagram.com/p/CDEuAt_opTV/"
"IP"	2	9	"item"	"IP02_09"	"https://www.instagram.com/p/CDataSXBhvF/"
"IP"	2	10	"item"	"IP02_10"	"https://www.instagram.com/p/B_zDsBZla-I/"
"IP"	2	11	"item"	"IP02_11"	"https://www.instagram.com/p/CHHuA_PAyjd/"
"IP"	2	12	"item"	"IP02_12"	"https://www.instagram.com/p/B-fIBEMFpnv/"
"IP"	2	13	"item"	"IP02_13"	"https://www.instagram.com/p/CG2IfzKMrrz/"
"IP"	2	14	"item"	"IP02_14"	"https://www.instagram.com/p/CGCI911M03x/"
"IP"	2	15	"item"	"IP02_15"	"https://www.instagram.com/p/CGKnTXdnpZ2/"
"IP"	2	16	"item"	"IP02_16"	"https://www.instagram.com/p/CF60S8-lT39/"
"IP"	2	17	"item"	"IP02_17"	"https://www.instagram.com/p/CGMx7oJs1BP/"
"IP"	2	18	"item"	"IP02_18"	"https://www.instagram.com/p/CFoPmOZgFWi/"
"IP"	2	19	"item"	"IP02_19"	"https://www.instagram.com/p/B2olwmfIrs6/"
"IP"	2	20	"item"	"IP02_20"	"https://www.instagram.com/p/CF7GjtkJ-KU/"
"IP"	2	21	"item"	"IP02_21"	"https://www.instagram.com/p/CF2VkyLHhJ0/"
"IP"	2	22	"item"	"IP02_22"	"https://www.instagram.com/p/CGInNiOKvta/"
"IP"	2	23	"item"	"IP02_23"	"https://www.instagram.com/p/Bjk0xvJFx2c/"
"IP"	2	24	"item"	"IP02_24"	"https://www.instagram.com/p/ByqZlhCoMKS/"
"IP"	2	25	"item"	"IP02_25"	"https://www.instagram.com/p/BlBMrgXhgi7/"
"IP"	2	26	"item"	"IP02_26"	"https://www.instagram.com/p/CE9-jgmHOUd/"
"IP"	2	27	"item"	"IP02_27"	"https://www.instagram.com/p/CF_VoHgsdRe/"
"IP"	2	28	"item"	"IP02_28"	"https://www.instagram.com/p/CF_UGq5HoQb/"
"IP"	2	29	"item"	"IP02_29"	"https://www.instagram.com/p/B1g4Eh8ijwp/"
"IP"	2	30	"item"	"IP02_30"	"https://www.instagram.com/p/CF45-iylHlL/"
"IP"	2	31	"item"	"IP02_31"	"https://www.instagram.com/p/CF6o_SZhU1P/"
"IP"	2	32	"item"	"IP02_32"	"https://www.instagram.com/p/CD05svkgdoI/"
"IP"	2	33	"item"	"IP02_33"	"https://www.instagram.com/p/CEuAlz3pKk4/"
"IP"	2	34	"item"	"IP02_34"	"https://www.instagram.com/p/CGX9zszJDMv/"
"IP"	2	35	"item"	"IP02_35"	"https://www.instagram.com/p/CGw14x-hST1/"
"IP"	2	36	"item"	"IP02_36"	"https://www.instagram.com/p/CGaTbGrgrxB/"
"IP"	2	37	"item"	"IP02_37"	"https://www.instagram.com/p/CGc-PF0FcPy/"
"IP"	2	38	"item"	"IP02_38"	"https://www.instagram.com/p/CGFu_vIJOzq/"
"IP"	2	39	"item"	"IP02_39"	"https://www.instagram.com/p/CGfba0DMBRs/"
"IP"	2	40	"item"	"IP02_40"	"https://www.instagram.com/p/CFbvDo5jv3z/"
"IP"	2	41	"item"	"IP02_41"	"https://www.instagram.com/p/CT7qYoFs4dW/"
"IP"	51		"question"	"IP51"	"st_check_display_Scr127-166"
"IP"	51	1	"item"	"IP51_01"	"https://www.instagram.com/p/CDojJXaDMTm/"
"IP"	51	2	"item"	"IP51_02"	"https://www.instagram.com/p/CFfcg10I1iz/"
"IP"	51	3	"item"	"IP51_03"	"https://www.instagram.com/p/CEw1VMRp8eh/"
"IP"	51	4	"item"	"IP51_04"	"https://www.instagram.com/p/CFe6nGKipf2/"
"IP"	51	5	"item"	"IP51_05"	"https://www.instagram.com/p/CEejbdUnMyv/"
"IP"	51	6	"item"	"IP51_06"	"https://www.instagram.com/p/CETROcUHoXr/"
"IP"	51	7	"item"	"IP51_07"	"https://www.instagram.com/p/CH0AVT6notf/"
"IP"	51	8	"item"	"IP51_08"	"https://www.instagram.com/p/CFu6YLACRnS/"
"IP"	51	9	"item"	"IP51_09"	"https://www.instagram.com/p/CGAPYb4swpT/"
"IP"	51	10	"item"	"IP51_10"	"https://www.instagram.com/p/CF11D-Ggkay/"
"IP"	51	11	"item"	"IP51_11"	"https://www.instagram.com/p/B0BOG7QiD8n/"
"IP"	51	12	"item"	"IP51_12"	"https://www.instagram.com/p/Ba15cyxAyAI/"
"IP"	51	13	"item"	"IP51_13"	"https://www.instagram.com/p/CH7GJo0FNZO/"
"IP"	51	14	"item"	"IP51_14"	"https://www.instagram.com/p/CG8Hp1gniY8/"
"IP"	51	15	"item"	"IP51_15"	"https://www.instagram.com/p/CHMxv_5ocqe/"
"IP"	51	16	"item"	"IP51_16"	"https://www.instagram.com/p/CHU-pLyM0pk/"
"IP"	51	17	"item"	"IP51_17"	"https://www.instagram.com/p/CHZ2Dcqpf3S/"
"IP"	51	18	"item"	"IP51_18"	"https://www.instagram.com/p/CDjpp-jnl1p/"
"IP"	51	19	"item"	"IP51_19"	"https://www.instagram.com/p/CJGJzsUl3dG/"
"IP"	51	20	"item"	"IP51_20"	"https://www.instagram.com/p/CJtdgPnJHMW/"
"IP"	51	21	"item"	"IP51_21"	"https://www.instagram.com/p/CDMyx-sFLBx/"
"IP"	51	22	"item"	"IP51_22"	"https://www.instagram.com/p/B8PEawfoTXa/"
"IP"	51	23	"item"	"IP51_23"	"https://www.instagram.com/p/CJAhiFXM0Kc/"
"IP"	51	24	"item"	"IP51_24"	"https://www.instagram.com/p/CJY81CEFRFq/"
"IP"	51	25	"item"	"IP51_25"	"https://www.instagram.com/p/CJLh0pvhNGt/"
"IP"	51	26	"item"	"IP51_26"	"https://www.instagram.com/p/CJHhDPEJI3Y/"
"IP"	51	27	"item"	"IP51_27"	"https://www.instagram.com/p/CJJ-7OSFMbM/"
"IP"	51	28	"item"	"IP51_28"	"https://www.instagram.com/p/CKT7IYtFiPQ/"
"IP"	51	29	"item"	"IP51_29"	"https://www.instagram.com/p/CL4Pn9PMFsX/"
"IP"	51	30	"item"	"IP51_30"	"https://www.instagram.com/p/BpFeSg-AX-K/"
"IP"	51	31	"item"	"IP51_31"	"https://www.instagram.com/p/CKXGEtjHDyi/"
"IP"	51	32	"item"	"IP51_32"	"https://www.instagram.com/p/CLpgH8Ahzgw/"
"IP"	51	33	"item"	"IP51_33"	"https://www.instagram.com/p/CL9l5rmKEsB/"
"IP"	51	34	"item"	"IP51_34"	"https://www.instagram.com/p/CL9lUYFMx2y/"
"IP"	51	35	"item"	"IP51_35"	"https://www.instagram.com/p/CJ24NHrLpWM/"
"IP"	51	36	"item"	"IP51_36"	"https://www.instagram.com/p/CKYtrBhDsLi/"
"IP"	51	37	"item"	"IP51_37"	"https://www.instagram.com/p/CM_wCEpBIJE/"
"IP"	51	38	"item"	"IP51_38"	"https://www.instagram.com/p/CMSk_6oBGIB/"
"IP"	51	39	"item"	"IP51_39"	"https://www.instagram.com/p/CMrVeInBCAD/"
"IP"	51	40	"item"	"IP51_40"	"https://www.instagram.com/p/CMxLQvHD9dH/"
"IP"	51	41	"item"	"IP51_41"	"https://www.instagram.com/p/CT7qYoFs4dW/"
"IP"	53		"question"	"IP53"	"st_check_display_Scr167-206"
"IP"	53	1	"item"	"IP53_01"	"https://www.instagram.com/p/COgBdngnsyh/"
"IP"	53	2	"item"	"IP53_02"	"https://www.instagram.com/p/COaqw5gMvDS/"
"IP"	53	3	"item"	"IP53_03"	"https://www.instagram.com/p/COSRE5MDD8E/"
"IP"	53	4	"item"	"IP53_04"	"https://www.instagram.com/p/COX3k7QMixg/"
"IP"	53	5	"item"	"IP53_05"	"https://www.instagram.com/p/COOTKwLHvsd/"
"IP"	53	6	"item"	"IP53_06"	"https://www.instagram.com/p/COOOGorH8cE/"
"IP"	53	7	"item"	"IP53_07"	"https://www.instagram.com/p/CN2W7AWFEHf/"
"IP"	53	8	"item"	"IP53_08"	"https://www.instagram.com/p/CNzV8GFhqFl/"
"IP"	53	9	"item"	"IP53_09"	"https://www.instagram.com/p/CP3KJ1VBuz1/"
"IP"	53	10	"item"	"IP53_10"	"https://www.instagram.com/p/CPf_Y6Drq6A/"
"IP"	53	11	"item"	"IP53_11"	"https://www.instagram.com/p/CPa3fyirl5F/"
"IP"	53	12	"item"	"IP53_12"	"https://www.instagram.com/p/CPVqpwelVWv/"
"IP"	53	13	"item"	"IP53_13"	"https://www.instagram.com/p/CPRPUhglx2H/"
"IP"	53	14	"item"	"IP53_14"	"https://www.instagram.com/p/CPL7FT0tQ-y/"
"IP"	53	15	"item"	"IP53_15"	"https://www.instagram.com/p/CPLllnMDtkk/"
"IP"	53	16	"item"	"IP53_16"	"https://www.instagram.com/p/CCiw_83IlrZ/"
"IP"	53	17	"item"	"IP53_17"	"https://www.instagram.com/p/CPASgDxFa-d/"
"IP"	53	18	"item"	"IP53_18"	"https://www.instagram.com/p/CO5vUkiBPqs/"
"IP"	53	19	"item"	"IP53_19"	"https://www.instagram.com/p/CB_YtMmqjah/"
"IP"	53	20	"item"	"IP53_20"	"https://www.instagram.com/p/CQG1WU0seXB/"
"IP"	53	21	"item"	"IP53_21"	"https://www.instagram.com/p/CQeHJ1lnfGo/"
"IP"	53	22	"item"	"IP53_22"	"https://www.instagram.com/p/CQd11vknP6r/"
"IP"	53	23	"item"	"IP53_23"	"https://www.instagram.com/p/CQby1arFNr0/"
"IP"	53	24	"item"	"IP53_24"	"https://www.instagram.com/p/CQYL_6kMPwD/"
"IP"	53	25	"item"	"IP53_25"	"https://www.instagram.com/p/CQVtT-Dtufk/"
"IP"	53	26	"item"	"IP53_26"	"https://www.instagram.com/p/CQTuN1NMLdh/"
"IP"	53	27	"item"	"IP53_27"	"https://www.instagram.com/p/CQWIc6ugPcb/"
"IP"	53	28	"item"	"IP53_28"	"https://www.instagram.com/p/CQVgnCdDiqC/"
"IP"	53	29	"item"	"IP53_29"	"https://www.instagram.com/p/CQRb31ZNrcc/"
"IP"	53	30	"item"	"IP53_30"	"https://www.instagram.com/p/CQN47JKBcl4/"
"IP"	53	31	"item"	"IP53_31"	"https://www.instagram.com/p/B_cWlluIVeI/"
"IP"	53	32	"item"	"IP53_32"	"https://www.instagram.com/p/CQEUYwmp35o/"
"IP"	53	33	"item"	"IP53_33"	"https://www.instagram.com/p/CQFivfsBg9s/"
"IP"	53	34	"item"	"IP53_34"	"https://www.instagram.com/p/CQGOTAzhfhW/"
"IP"	53	35	"item"	"IP53_35"	"https://www.instagram.com/p/CP-pbWhlmrw/"
"IP"	53	36	"item"	"IP53_36"	"https://www.instagram.com/p/By-n8DhIYMh/"
"IP"	53	37	"item"	"IP53_37"	"https://www.instagram.com/p/CP6CHMPFvK_/"
"IP"	53	38	"item"	"IP53_38"	"https://www.instagram.com/p/CPylmNQlqFs/"
"IP"	53	39	"item"	"IP53_39"	"https://www.instagram.com/p/CPyhTempz4J/"
"IP"	53	40	"item"	"IP53_40"	"https://www.instagram.com/p/CPxayIZBb7b/"
"IP"	53	41	"item"	"IP53_41"	"https://www.instagram.com/p/CT7qYoFs4dW/"
"IP"	55		"question"	"IP55"	"st_check_display_Scr207-247"
"IP"	55	1	"item"	"IP55_01"	"https://www.instagram.com/p/CPtTEdqnvh4/"
"IP"	55	2	"item"	"IP55_02"	"https://www.instagram.com/p/BmYMHmsAXjU/"
"IP"	55	3	"item"	"IP55_03"	"https://www.instagram.com/p/BXDGtCKg9Ky/"
"IP"	55	4	"item"	"IP55_04"	"https://www.instagram.com/p/BT0UQrglqJ0/"
"IP"	55	5	"item"	"IP55_05"	"https://www.instagram.com/p/BSeBTgLDNCy/"
"IP"	55	6	"item"	"IP55_06"	"https://www.instagram.com/p/BPvUz2ADXqc/"
"IP"	55	7	"item"	"IP55_07"	"https://www.instagram.com/p/BdNZItIF9rI/"
"IP"	55	8	"item"	"IP55_08"	"https://www.instagram.com/p/Bj2uxekAOAv/"
"IP"	55	9	"item"	"IP55_09"	"https://www.instagram.com/p/BnG-llSAx4o/"
"IP"	55	10	"item"	"IP55_10"	"https://www.instagram.com/p/Bo9oARsHzIu/"
"IP"	55	11	"item"	"IP55_11"	"https://www.instagram.com/p/Bn5hlJ1Bf9q/"
"IP"	55	12	"item"	"IP55_12"	"https://www.instagram.com/p/BnqUL5XBCIs/"
"IP"	55	13	"item"	"IP55_13"	"https://www.instagram.com/p/Br-lLIXnDoA/"
"IP"	55	14	"item"	"IP55_14"	"https://www.instagram.com/p/BtBrbNzAkYk/"
"IP"	55	15	"item"	"IP55_15"	"https://www.instagram.com/p/Bsv7Nh9hnFM/"
"IP"	55	16	"item"	"IP55_16"	"https://www.instagram.com/p/BxxqxmCoY-P/"
"IP"	55	17	"item"	"IP55_17"	"https://www.instagram.com/p/BznfLpAhkRd/"
"IP"	55	18	"item"	"IP55_18"	"https://www.instagram.com/p/Bz7X95xo3IA/"
"IP"	55	19	"item"	"IP55_19"	"https://www.instagram.com/p/B0YkTqMC1WB/"
"IP"	55	20	"item"	"IP55_20"	"https://www.instagram.com/p/B0WECSdC2Cp/"
"IP"	55	21	"item"	"IP55_21"	"https://www.instagram.com/p/B0xe9viHZHM/"
"IP"	55	22	"item"	"IP55_22"	"https://www.instagram.com/p/B1d7OWfikXe/"
"IP"	55	23	"item"	"IP55_23"	"https://www.instagram.com/p/B24EWo4ihK1/"
"IP"	55	24	"item"	"IP55_24"	"https://www.instagram.com/p/B2UMBPOI4TU/"
"IP"	55	25	"item"	"IP55_25"	"https://www.instagram.com/p/B6qaxxyo7Ny/"
"IP"	55	26	"item"	"IP55_26"	"https://www.instagram.com/p/B6oAeTNHgvr/"
"IP"	55	27	"item"	"IP55_27"	"https://www.instagram.com/p/B7JWWvDCrr0/"
"IP"	55	28	"item"	"IP55_28"	"https://www.instagram.com/p/B9Ri2GSo_9J/"
"IP"	55	29	"item"	"IP55_29"	"https://www.instagram.com/p/CDRlimzCvgh/"
"IP"	55	30	"item"	"IP55_30"	"https://www.instagram.com/p/CDEqq4Tnc-I/"
"IP"	55	31	"item"	"IP55_31"	"https://www.instagram.com/p/CDazmvaHsrf/"
"IP"	55	32	"item"	"IP55_32"	"https://www.instagram.com/p/CDisY07lWTd/"
"IP"	55	33	"item"	"IP55_33"	"https://www.instagram.com/p/CD0tAKQh3wx/"
"IP"	55	34	"item"	"IP55_34"	"https://www.instagram.com/p/CD1z3fPlkBW/"
"IP"	55	35	"item"	"IP55_35"	"https://www.instagram.com/p/CEPZ2EEhsXb/"
"IP"	55	36	"item"	"IP55_36"	"https://www.instagram.com/p/CExEqOsqmxx/"
"IP"	55	37	"item"	"IP55_37"	"https://www.instagram.com/p/CFUNoGqh2pO/"
"IP"	55	38	"item"	"IP55_38"	"https://www.instagram.com/p/CFE30fenwab/"
"IP"	55	39	"item"	"IP55_39"	"https://www.instagram.com/p/CFCc9l1AAEX/"
"IP"	55	40	"item"	"IP55_40"	"https://www.instagram.com/p/CIJZnGIDiph/"
"IP"	55	41	"item"	"IP55_41"	"https://www.instagram.com/p/CKI6mqGJy0g/"
"IP"	55	42	"item"	"IP55_42"	"https://www.instagram.com/p/CT7qYoFs4dW/"
"IP"	14		"question"	"IP14"	"st_check_sehen_Scr87-126"
"IP"	14	1	"item"	"IP14_01"	"https://www.instagram.com/p/BjFpI0CgwTl/"
"IP"	14	2	"item"	"IP14_02"	"https://www.instagram.com/p/B62WBxrqybr/"
"IP"	14	3	"item"	"IP14_03"	"https://www.instagram.com/p/ByKkrvLoQTv/"
"IP"	14	4	"item"	"IP14_04"	"https://www.instagram.com/p/B2JjnYZJbwJ/"
"IP"	14	5	"item"	"IP14_05"	"https://www.instagram.com/p/B6tHCJUn0KW/"
"IP"	14	6	"item"	"IP14_06"	"https://www.instagram.com/p/B8CLEJRqesi/"
"IP"	14	7	"item"	"IP14_07"	"https://www.instagram.com/p/B8wjLzKn4pA/"
"IP"	14	8	"item"	"IP14_08"	"https://www.instagram.com/p/CDEuAt_opTV/"
"IP"	14	9	"item"	"IP14_09"	"https://www.instagram.com/p/CDataSXBhvF/"
"IP"	14	10	"item"	"IP14_10"	"https://www.instagram.com/p/B_zDsBZla-I/"
"IP"	14	11	"item"	"IP14_11"	"https://www.instagram.com/p/CHHuA_PAyjd/"
"IP"	14	12	"item"	"IP14_12"	"https://www.instagram.com/p/B-fIBEMFpnv/"
"IP"	14	13	"item"	"IP14_13"	"https://www.instagram.com/p/CG2IfzKMrrz/"
"IP"	14	14	"item"	"IP14_14"	"https://www.instagram.com/p/CGCI911M03x/"
"IP"	14	15	"item"	"IP14_15"	"https://www.instagram.com/p/CGKnTXdnpZ2/"
"IP"	14	16	"item"	"IP14_16"	"https://www.instagram.com/p/CF60S8-lT39/"
"IP"	14	17	"item"	"IP14_17"	"https://www.instagram.com/p/CGMx7oJs1BP/"
"IP"	14	18	"item"	"IP14_18"	"https://www.instagram.com/p/CFoPmOZgFWi/"
"IP"	14	19	"item"	"IP14_19"	"https://www.instagram.com/p/B2olwmfIrs6/"
"IP"	14	20	"item"	"IP14_20"	"https://www.instagram.com/p/CF7GjtkJ-KU/"
"IP"	14	21	"item"	"IP14_21"	"https://www.instagram.com/p/CF2VkyLHhJ0/"
"IP"	14	22	"item"	"IP14_22"	"https://www.instagram.com/p/CGInNiOKvta/"
"IP"	14	23	"item"	"IP14_23"	"https://www.instagram.com/p/Bjk0xvJFx2c/"
"IP"	14	24	"item"	"IP14_24"	"https://www.instagram.com/p/ByqZlhCoMKS/"
"IP"	14	25	"item"	"IP14_25"	"https://www.instagram.com/p/BlBMrgXhgi7/"
"IP"	14	26	"item"	"IP14_26"	"https://www.instagram.com/p/CE9-jgmHOUd/"
"IP"	14	27	"item"	"IP14_27"	"https://www.instagram.com/p/CF_VoHgsdRe/"
"IP"	14	28	"item"	"IP14_28"	"https://www.instagram.com/p/CF_UGq5HoQb/"
"IP"	14	29	"item"	"IP14_29"	"https://www.instagram.com/p/B1g4Eh8ijwp/"
"IP"	14	30	"item"	"IP14_30"	"https://www.instagram.com/p/CF45-iylHlL/"
"IP"	14	31	"item"	"IP14_31"	"https://www.instagram.com/p/CF6o_SZhU1P/"
"IP"	14	32	"item"	"IP14_32"	"https://www.instagram.com/p/CD05svkgdoI/"
"IP"	14	33	"item"	"IP14_33"	"https://www.instagram.com/p/CEuAlz3pKk4/"
"IP"	14	34	"item"	"IP14_34"	"https://www.instagram.com/p/CGX9zszJDMv/"
"IP"	14	35	"item"	"IP14_35"	"https://www.instagram.com/p/CGw14x-hST1/"
"IP"	14	36	"item"	"IP14_36"	"https://www.instagram.com/p/CGaTbGrgrxB/"
"IP"	14	37	"item"	"IP14_37"	"https://www.instagram.com/p/CGc-PF0FcPy/"
"IP"	14	38	"item"	"IP14_38"	"https://www.instagram.com/p/CGFu_vIJOzq/"
"IP"	14	39	"item"	"IP14_39"	"https://www.instagram.com/p/CGfba0DMBRs/"
"IP"	14	40	"item"	"IP14_40"	"https://www.instagram.com/p/CFbvDo5jv3z/"
"IP"	14	41	"item"	"IP14_41"	"https://www.instagram.com/p/CT7qYoFs4dW/"
"IP"	52		"question"	"IP52"	"st_check_sehen_Scr127-166"
"IP"	52	1	"item"	"IP52_01"	"https://www.instagram.com/p/CDojJXaDMTm/"
"IP"	52	2	"item"	"IP52_02"	"https://www.instagram.com/p/CFfcg10I1iz/"
"IP"	52	3	"item"	"IP52_03"	"https://www.instagram.com/p/CEw1VMRp8eh/"
"IP"	52	4	"item"	"IP52_04"	"https://www.instagram.com/p/CFe6nGKipf2/"
"IP"	52	5	"item"	"IP52_05"	"https://www.instagram.com/p/CEejbdUnMyv/"
"IP"	52	6	"item"	"IP52_06"	"https://www.instagram.com/p/CETROcUHoXr/"
"IP"	52	7	"item"	"IP52_07"	"https://www.instagram.com/p/CH0AVT6notf/"
"IP"	52	8	"item"	"IP52_08"	"https://www.instagram.com/p/CFu6YLACRnS/"
"IP"	52	9	"item"	"IP52_09"	"https://www.instagram.com/p/CGAPYb4swpT/"
"IP"	52	10	"item"	"IP52_10"	"https://www.instagram.com/p/CF11D-Ggkay/"
"IP"	52	11	"item"	"IP52_11"	"https://www.instagram.com/p/B0BOG7QiD8n/"
"IP"	52	12	"item"	"IP52_12"	"https://www.instagram.com/p/Ba15cyxAyAI/"
"IP"	52	13	"item"	"IP52_13"	"https://www.instagram.com/p/CH7GJo0FNZO/"
"IP"	52	14	"item"	"IP52_14"	"https://www.instagram.com/p/CG8Hp1gniY8/"
"IP"	52	15	"item"	"IP52_15"	"https://www.instagram.com/p/CHMxv_5ocqe/"
"IP"	52	16	"item"	"IP52_16"	"https://www.instagram.com/p/CHU-pLyM0pk/"
"IP"	52	17	"item"	"IP52_17"	"https://www.instagram.com/p/CHZ2Dcqpf3S/"
"IP"	52	18	"item"	"IP52_18"	"https://www.instagram.com/p/CDjpp-jnl1p/"
"IP"	52	19	"item"	"IP52_19"	"https://www.instagram.com/p/CJGJzsUl3dG/"
"IP"	52	20	"item"	"IP52_20"	"https://www.instagram.com/p/CJtdgPnJHMW/"
"IP"	52	21	"item"	"IP52_21"	"https://www.instagram.com/p/CDMyx-sFLBx/"
"IP"	52	22	"item"	"IP52_22"	"https://www.instagram.com/p/B8PEawfoTXa/"
"IP"	52	23	"item"	"IP52_23"	"https://www.instagram.com/p/CJAhiFXM0Kc/"
"IP"	52	24	"item"	"IP52_24"	"https://www.instagram.com/p/CJY81CEFRFq/"
"IP"	52	25	"item"	"IP52_25"	"https://www.instagram.com/p/CJLh0pvhNGt/"
"IP"	52	26	"item"	"IP52_26"	"https://www.instagram.com/p/CJHhDPEJI3Y/"
"IP"	52	27	"item"	"IP52_27"	"https://www.instagram.com/p/CJJ-7OSFMbM/"
"IP"	52	28	"item"	"IP52_28"	"https://www.instagram.com/p/CKT7IYtFiPQ/"
"IP"	52	29	"item"	"IP52_29"	"https://www.instagram.com/p/CL4Pn9PMFsX/"
"IP"	52	30	"item"	"IP52_30"	"https://www.instagram.com/p/BpFeSg-AX-K/"
"IP"	52	31	"item"	"IP52_31"	"https://www.instagram.com/p/CKXGEtjHDyi/"
"IP"	52	32	"item"	"IP52_32"	"https://www.instagram.com/p/CLpgH8Ahzgw/"
"IP"	52	33	"item"	"IP52_33"	"https://www.instagram.com/p/CL9l5rmKEsB/"
"IP"	52	34	"item"	"IP52_34"	"https://www.instagram.com/p/CL9lUYFMx2y/"
"IP"	52	35	"item"	"IP52_35"	"https://www.instagram.com/p/CJ24NHrLpWM/"
"IP"	52	36	"item"	"IP52_36"	"https://www.instagram.com/p/CKYtrBhDsLi/"
"IP"	52	37	"item"	"IP52_37"	"https://www.instagram.com/p/CM_wCEpBIJE/"
"IP"	52	38	"item"	"IP52_38"	"https://www.instagram.com/p/CMSk_6oBGIB/"
"IP"	52	39	"item"	"IP52_39"	"https://www.instagram.com/p/CMrVeInBCAD/"
"IP"	52	40	"item"	"IP52_40"	"https://www.instagram.com/p/CMxLQvHD9dH/"
"IP"	52	41	"item"	"IP52_41"	"https://www.instagram.com/p/CT7qYoFs4dW/"
"IP"	54		"question"	"IP54"	"st_check_sehen_Scr167-206"
"IP"	54	1	"item"	"IP54_01"	"https://www.instagram.com/p/COgBdngnsyh/"
"IP"	54	2	"item"	"IP54_02"	"https://www.instagram.com/p/COaqw5gMvDS/"
"IP"	54	3	"item"	"IP54_03"	"https://www.instagram.com/p/COSRE5MDD8E/"
"IP"	54	4	"item"	"IP54_04"	"https://www.instagram.com/p/COX3k7QMixg/"
"IP"	54	5	"item"	"IP54_05"	"https://www.instagram.com/p/COOTKwLHvsd/"
"IP"	54	6	"item"	"IP54_06"	"https://www.instagram.com/p/COOOGorH8cE/"
"IP"	54	7	"item"	"IP54_07"	"https://www.instagram.com/p/CN2W7AWFEHf/"
"IP"	54	8	"item"	"IP54_08"	"https://www.instagram.com/p/CNzV8GFhqFl/"
"IP"	54	9	"item"	"IP54_09"	"https://www.instagram.com/p/CP3KJ1VBuz1/"
"IP"	54	10	"item"	"IP54_10"	"https://www.instagram.com/p/CPf_Y6Drq6A/"
"IP"	54	11	"item"	"IP54_11"	"https://www.instagram.com/p/CPa3fyirl5F/"
"IP"	54	12	"item"	"IP54_12"	"https://www.instagram.com/p/CPVqpwelVWv/"
"IP"	54	13	"item"	"IP54_13"	"https://www.instagram.com/p/CPRPUhglx2H/"
"IP"	54	14	"item"	"IP54_14"	"https://www.instagram.com/p/CPL7FT0tQ-y/"
"IP"	54	15	"item"	"IP54_15"	"https://www.instagram.com/p/CPLllnMDtkk/"
"IP"	54	16	"item"	"IP54_16"	"https://www.instagram.com/p/CCiw_83IlrZ/"
"IP"	54	17	"item"	"IP54_17"	"https://www.instagram.com/p/CPASgDxFa-d/"
"IP"	54	18	"item"	"IP54_18"	"https://www.instagram.com/p/CO5vUkiBPqs/"
"IP"	54	19	"item"	"IP54_19"	"https://www.instagram.com/p/CB_YtMmqjah/"
"IP"	54	20	"item"	"IP54_20"	"https://www.instagram.com/p/CQG1WU0seXB/"
"IP"	54	21	"item"	"IP54_21"	"https://www.instagram.com/p/CQeHJ1lnfGo/"
"IP"	54	22	"item"	"IP54_22"	"https://www.instagram.com/p/CQd11vknP6r/"
"IP"	54	23	"item"	"IP54_23"	"https://www.instagram.com/p/CQby1arFNr0/"
"IP"	54	24	"item"	"IP54_24"	"https://www.instagram.com/p/CQYL_6kMPwD/"
"IP"	54	25	"item"	"IP54_25"	"https://www.instagram.com/p/CQVtT-Dtufk/"
"IP"	54	26	"item"	"IP54_26"	"https://www.instagram.com/p/CQTuN1NMLdh/"
"IP"	54	27	"item"	"IP54_27"	"https://www.instagram.com/p/CQWIc6ugPcb/"
"IP"	54	28	"item"	"IP54_28"	"https://www.instagram.com/p/CQVgnCdDiqC/"
"IP"	54	29	"item"	"IP54_29"	"https://www.instagram.com/p/CQRb31ZNrcc/"
"IP"	54	30	"item"	"IP54_30"	"https://www.instagram.com/p/CQN47JKBcl4/"
"IP"	54	31	"item"	"IP54_31"	"https://www.instagram.com/p/B_cWlluIVeI/"
"IP"	54	32	"item"	"IP54_32"	"https://www.instagram.com/p/CQEUYwmp35o/"
"IP"	54	33	"item"	"IP54_33"	"https://www.instagram.com/p/CQFivfsBg9s/"
"IP"	54	34	"item"	"IP54_34"	"https://www.instagram.com/p/CQGOTAzhfhW/"
"IP"	54	35	"item"	"IP54_35"	"https://www.instagram.com/p/CP-pbWhlmrw/"
"IP"	54	36	"item"	"IP54_36"	"https://www.instagram.com/p/By-n8DhIYMh/"
"IP"	54	37	"item"	"IP54_37"	"https://www.instagram.com/p/CP6CHMPFvK_/"
"IP"	54	38	"item"	"IP54_38"	"https://www.instagram.com/p/CPylmNQlqFs/"
"IP"	54	39	"item"	"IP54_39"	"https://www.instagram.com/p/CPyhTempz4J/"
"IP"	54	40	"item"	"IP54_40"	"https://www.instagram.com/p/CPxayIZBb7b/"
"IP"	54	41	"item"	"IP54_41"	"https://www.instagram.com/p/CT7qYoFs4dW/"
"IP"	56		"question"	"IP56"	"st_check_sehen_Scr207-247"
"IP"	56	1	"item"	"IP56_01"	"https://www.instagram.com/p/CPtTEdqnvh4/"
"IP"	56	2	"item"	"IP56_02"	"https://www.instagram.com/p/BmYMHmsAXjU/"
"IP"	56	3	"item"	"IP56_03"	"https://www.instagram.com/p/BXDGtCKg9Ky/"
"IP"	56	4	"item"	"IP56_04"	"https://www.instagram.com/p/BT0UQrglqJ0/"
"IP"	56	5	"item"	"IP56_05"	"https://www.instagram.com/p/BSeBTgLDNCy/"
"IP"	56	6	"item"	"IP56_06"	"https://www.instagram.com/p/BPvUz2ADXqc/"
"IP"	56	7	"item"	"IP56_07"	"https://www.instagram.com/p/BdNZItIF9rI/"
"IP"	56	8	"item"	"IP56_08"	"https://www.instagram.com/p/Bj2uxekAOAv/"
"IP"	56	9	"item"	"IP56_09"	"https://www.instagram.com/p/BnG-llSAx4o/"
"IP"	56	10	"item"	"IP56_10"	"https://www.instagram.com/p/Bo9oARsHzIu/"
"IP"	56	11	"item"	"IP56_11"	"https://www.instagram.com/p/Bn5hlJ1Bf9q/"
"IP"	56	12	"item"	"IP56_12"	"https://www.instagram.com/p/BnqUL5XBCIs/"
"IP"	56	13	"item"	"IP56_13"	"https://www.instagram.com/p/Br-lLIXnDoA/"
"IP"	56	14	"item"	"IP56_14"	"https://www.instagram.com/p/BtBrbNzAkYk/"
"IP"	56	15	"item"	"IP56_15"	"https://www.instagram.com/p/Bsv7Nh9hnFM/"
"IP"	56	16	"item"	"IP56_16"	"https://www.instagram.com/p/BxxqxmCoY-P/"
"IP"	56	17	"item"	"IP56_17"	"https://www.instagram.com/p/BznfLpAhkRd/"
"IP"	56	18	"item"	"IP56_18"	"https://www.instagram.com/p/Bz7X95xo3IA/"
"IP"	56	19	"item"	"IP56_19"	"https://www.instagram.com/p/B0YkTqMC1WB/"
"IP"	56	20	"item"	"IP56_20"	"https://www.instagram.com/p/B0WECSdC2Cp/"
"IP"	56	21	"item"	"IP56_21"	"https://www.instagram.com/p/B0xe9viHZHM/"
"IP"	56	22	"item"	"IP56_22"	"https://www.instagram.com/p/B1d7OWfikXe/"
"IP"	56	23	"item"	"IP56_23"	"https://www.instagram.com/p/B24EWo4ihK1/"
"IP"	56	24	"item"	"IP56_24"	"https://www.instagram.com/p/B2UMBPOI4TU/"
"IP"	56	25	"item"	"IP56_25"	"https://www.instagram.com/p/B6qaxxyo7Ny/"
"IP"	56	26	"item"	"IP56_26"	"https://www.instagram.com/p/B6oAeTNHgvr/"
"IP"	56	27	"item"	"IP56_27"	"https://www.instagram.com/p/B7JWWvDCrr0/"
"IP"	56	28	"item"	"IP56_28"	"https://www.instagram.com/p/B9Ri2GSo_9J/"
"IP"	56	29	"item"	"IP56_29"	"https://www.instagram.com/p/CDRlimzCvgh/"
"IP"	56	30	"item"	"IP56_30"	"https://www.instagram.com/p/CDEqq4Tnc-I/"
"IP"	56	31	"item"	"IP56_31"	"https://www.instagram.com/p/CDazmvaHsrf/"
"IP"	56	32	"item"	"IP56_32"	"https://www.instagram.com/p/CDisY07lWTd/"
"IP"	56	33	"item"	"IP56_33"	"https://www.instagram.com/p/CD0tAKQh3wx/"
"IP"	56	34	"item"	"IP56_34"	"https://www.instagram.com/p/CD1z3fPlkBW/"
"IP"	56	35	"item"	"IP56_35"	"https://www.instagram.com/p/CEPZ2EEhsXb/"
"IP"	56	36	"item"	"IP56_36"	"https://www.instagram.com/p/CExEqOsqmxx/"
"IP"	56	37	"item"	"IP56_37"	"https://www.instagram.com/p/CFUNoGqh2pO/"
"IP"	56	38	"item"	"IP56_38"	"https://www.instagram.com/p/CFE30fenwab/"
"IP"	56	39	"item"	"IP56_39"	"https://www.instagram.com/p/CFCc9l1AAEX/"
"IP"	56	40	"item"	"IP56_40"	"https://www.instagram.com/p/CIJZnGIDiph/"
"IP"	56	41	"item"	"IP56_41"	"https://www.instagram.com/p/CKI6mqGJy0g/"
"IP"	56	42	"item"	"IP56_42"	"https://www.instagram.com/p/CT7qYoFs4dW/"
"IP"	17		"question"	"IP17"	"st_check_meiner"
"IP"	17	1	"item"	"IP17_01"	"Nein"
"IP"	17	2	"item"	"IP17_02"	"Ja"
"IP"	16		"question"	"IP16"	"foto_intro_text"
"IP"	1		"question"	"IP01"	"st_84_reshare"
"IP"	1	1	"item"	"IP01_01"	"Nein"
"IP"	1	2	"item"	"IP01_02"	"Ja"
"IP"	3		"question"	"IP03"	"st_85_motivation_post"
"IP"	3	1	"item"	"IP03_01"	
"IP"	4		"question"	"IP04"	"st_86_motivation_hashtag"
"IP"	4	1	"item"	"IP04_01"	
"IP"	5		"question"	"IP05"	"st_87_motivation_mention"
"IP"	5	1	"item"	"IP05_01"	
"IP"	6		"question"	"IP06"	"st_88_motivation_text"
"IP"	6	1	"item"	"IP06_01"	
"IP"	7		"question"	"IP07"	"st_90_motivation_foto"
"IP"	7	1	"item"	"IP07_01"	
"IP"	8		"question"	"IP08"	"st_97_situation"
"IP"	8	1	"item"	"IP08_01"	
"IP"	34		"question"	"IP34"	"Ort_explain_text"
"IP"	35		"question"	"IP35"	"st/de/pr_98+99_motiv&Ort"
"IP"	35	1	"item"	"IP35_01"	"Fotomotiv (1.)"
"IP"	35	2	"item"	"IP35_02"	"Standort Fotograf:in (2.)"
"IP"	10		"question"	"IP10"	"st_99_ort_foto"
"IP"	9		"question"	"IP09"	"st_98_ort_fotograf"
"IP"	11		"question"	"IP11"	"st_100_ort_foto_drehort"
"IP"	12		"question"	"IP12"	"st_102_post_date"
"IP"	12	1	"item"	"IP12_01"	"Das Foto/Bild ist am "
"IP"	13		"question"	"IP13"	"st_103_tbt_foto"
"IP"	13	1	"item"	"IP13_01"	"Nein"
"IP"	13	2	"item"	"IP13_02"	"Ja"
"IP"	18		"question"	"IP18"	"de_check_display_des1-40"
"IP"	18	1	"item"	"IP18_01"	"https://www.instagram.com/p/B3Zck-PD5ad/"
"IP"	18	2	"item"	"IP18_02"	"https://www.instagram.com/p/B0OUbGqo9ak/"
"IP"	18	3	"item"	"IP18_03"	"https://www.instagram.com/p/B_7ZnwFpKou/"
"IP"	18	4	"item"	"IP18_04"	"https://www.instagram.com/p/B-pEIxgDExJ/"
"IP"	18	5	"item"	"IP18_05"	"https://www.instagram.com/p/B2T5T-EoCtu/"
"IP"	18	6	"item"	"IP18_06"	"https://www.instagram.com/p/B1yFtnWg2n6/"
"IP"	18	7	"item"	"IP18_07"	"https://www.instagram.com/p/B1x7zi-glF6/"
"IP"	18	8	"item"	"IP18_08"	"https://www.instagram.com/p/ByW-V3hiUnJ/"
"IP"	18	9	"item"	"IP18_09"	"https://www.instagram.com/p/B_SeQyzlPop/"
"IP"	18	10	"item"	"IP18_10"	"https://www.instagram.com/p/CE_81ZajsBl/"
"IP"	18	11	"item"	"IP18_11"	"https://www.instagram.com/p/CF6j8YrioG3/"
"IP"	18	12	"item"	"IP18_12"	"https://www.instagram.com/p/CGfTbR8lbGo/"
"IP"	18	13	"item"	"IP18_13"	"https://www.instagram.com/p/CGfP6BTpXvE/"
"IP"	18	14	"item"	"IP18_14"	"https://www.instagram.com/p/CC-P7UXCLmE/"
"IP"	18	15	"item"	"IP18_15"	"https://www.instagram.com/p/B-8s-5BD3F0/"
"IP"	18	16	"item"	"IP18_16"	"https://www.instagram.com/p/CB1GM6HDkXI/"
"IP"	18	17	"item"	"IP18_17"	"https://www.instagram.com/p/CFcUKeSokQs/"
"IP"	18	18	"item"	"IP18_18"	"https://www.instagram.com/p/CHTNmfOL0DO/"
"IP"	18	19	"item"	"IP18_19"	"https://www.instagram.com/p/BcT-rRInqS6/"
"IP"	18	20	"item"	"IP18_20"	"https://www.instagram.com/p/CI-HxgfDvkr/"
"IP"	18	21	"item"	"IP18_21"	"https://www.instagram.com/p/CLbnqQJnAP9/"
"IP"	18	22	"item"	"IP18_22"	"https://www.instagram.com/p/CL3tvA_FR65/"
"IP"	18	23	"item"	"IP18_23"	"https://www.instagram.com/p/CLUdd57F5fH/"
"IP"	18	24	"item"	"IP18_24"	"https://www.instagram.com/p/B_kb1i2jkPU/"
"IP"	18	25	"item"	"IP18_25"	"https://www.instagram.com/p/B-4jOYuDGg6/"
"IP"	18	26	"item"	"IP18_26"	"https://www.instagram.com/p/CM2RtzuLNg8/"
"IP"	18	27	"item"	"IP18_27"	"https://www.instagram.com/p/BPyG30ZD0w_/"
"IP"	18	28	"item"	"IP18_28"	"https://www.instagram.com/p/CDBoRNOD4Vo/"
"IP"	18	29	"item"	"IP18_29"	"https://www.instagram.com/p/CMpUQEWDY28/"
"IP"	18	30	"item"	"IP18_30"	"https://www.instagram.com/p/COKthgIDdHU/"
"IP"	18	31	"item"	"IP18_31"	"https://www.instagram.com/p/CO7PSPZBZgq/"
"IP"	18	32	"item"	"IP18_32"	"https://www.instagram.com/p/B-6UV9eJaoP/"
"IP"	18	33	"item"	"IP18_33"	"https://www.instagram.com/p/CBVVx5kDtex/"
"IP"	18	34	"item"	"IP18_34"	"https://www.instagram.com/p/CPpy6Icjf24/"
"IP"	18	35	"item"	"IP18_35"	"https://www.instagram.com/p/CFPENxqDrYW/"
"IP"	18	36	"item"	"IP18_36"	"https://www.instagram.com/p/CPVbII3jG6A/"
"IP"	18	37	"item"	"IP18_37"	"https://www.instagram.com/p/CPD7AiInoPm/"
"IP"	18	38	"item"	"IP18_38"	"https://www.instagram.com/p/CO7ukjGqhOP/"
"IP"	18	39	"item"	"IP18_39"	"https://www.instagram.com/p/COiI-TXjij7/"
"IP"	18	40	"item"	"IP18_40"	"https://www.instagram.com/p/CQfshXGKl9p/"
"IP"	18	41	"item"	"IP18_41"	"https://www.instagram.com/p/CT7qYoFs4dW/"
"IP"	57		"question"	"IP57"	"de_check_display_des41-59"
"IP"	57	1	"item"	"IP57_01"	"https://www.instagram.com/p/B1N_NEOIrTC/"
"IP"	57	2	"item"	"IP57_02"	"https://www.instagram.com/p/CQeDwZxjHtP/"
"IP"	57	3	"item"	"IP57_03"	"https://www.instagram.com/p/CQdpS-WFnGs/"
"IP"	57	4	"item"	"IP57_04"	"https://www.instagram.com/p/CPgb7upD8EJ/"
"IP"	57	5	"item"	"IP57_05"	"https://www.instagram.com/p/B0nPxD7o4_M/"
"IP"	57	6	"item"	"IP57_06"	"https://www.instagram.com/p/BX5zQ8Rlsr8/"
"IP"	57	7	"item"	"IP57_07"	"https://www.instagram.com/p/BSI4VNvh28U/"
"IP"	57	8	"item"	"IP57_08"	"https://www.instagram.com/p/B2eZibkIQUt/"
"IP"	57	9	"item"	"IP57_09"	"https://www.instagram.com/p/Bhl5v59gWcR/"
"IP"	57	10	"item"	"IP57_10"	"https://www.instagram.com/p/BpJXasSlUID/"
"IP"	57	11	"item"	"IP57_11"	"https://www.instagram.com/p/CIu5ryDD9R-/"
"IP"	57	12	"item"	"IP57_12"	"https://www.instagram.com/p/B9HlntZD7nH/"
"IP"	57	13	"item"	"IP57_13"	"https://www.instagram.com/p/BxmNKm-oMAb/"
"IP"	57	14	"item"	"IP57_14"	"https://www.instagram.com/p/BzdNj_eIfGJ/"
"IP"	57	15	"item"	"IP57_15"	"https://www.instagram.com/p/B1oZmpRInb8/"
"IP"	57	16	"item"	"IP57_16"	"https://www.instagram.com/p/B8JslrVjWPd/"
"IP"	57	17	"item"	"IP57_17"	"https://www.instagram.com/p/CBpaQxvjduP/"
"IP"	57	18	"item"	"IP57_18"	"https://www.instagram.com/p/CFM6sUuiWbD/"
"IP"	57	19	"item"	"IP57_19"	"https://www.instagram.com/p/CG9dRXtpGm2/"
"IP"	57	20	"item"	"IP57_20"	"https://www.instagram.com/p/CT7qYoFs4dW/"
"IP"	57	21	"item"	"IP57_21"	"https://www.instagram.com/p/Bawl6x9A_zg/"
"IP"	57	22	"item"	"IP57_22"	"https://www.instagram.com/p/BgOzx1fhkBK/"
"IP"	57	23	"item"	"IP57_23"	"https://www.instagram.com/p/Bmu3VOdngGL/"
"IP"	57	24	"item"	"IP57_24"	"https://www.instagram.com/p/CK4nJnIDvRO/"
"IP"	19		"question"	"IP19"	"de_check_sehen_des1-40"
"IP"	19	1	"item"	"IP19_01"	"https://www.instagram.com/p/B3Zck-PD5ad/"
"IP"	19	2	"item"	"IP19_02"	"https://www.instagram.com/p/B0OUbGqo9ak/"
"IP"	19	3	"item"	"IP19_03"	"https://www.instagram.com/p/B_7ZnwFpKou/"
"IP"	19	4	"item"	"IP19_04"	"https://www.instagram.com/p/B-pEIxgDExJ/"
"IP"	19	5	"item"	"IP19_05"	"https://www.instagram.com/p/B2T5T-EoCtu/"
"IP"	19	6	"item"	"IP19_06"	"https://www.instagram.com/p/B1yFtnWg2n6/"
"IP"	19	7	"item"	"IP19_07"	"https://www.instagram.com/p/B1x7zi-glF6/"
"IP"	19	8	"item"	"IP19_08"	"https://www.instagram.com/p/ByW-V3hiUnJ/"
"IP"	19	9	"item"	"IP19_09"	"https://www.instagram.com/p/B_SeQyzlPop/"
"IP"	19	10	"item"	"IP19_10"	"https://www.instagram.com/p/CE_81ZajsBl/"
"IP"	19	11	"item"	"IP19_11"	"https://www.instagram.com/p/CF6j8YrioG3/"
"IP"	19	12	"item"	"IP19_12"	"https://www.instagram.com/p/CGfTbR8lbGo/"
"IP"	19	13	"item"	"IP19_13"	"https://www.instagram.com/p/CGfP6BTpXvE/"
"IP"	19	14	"item"	"IP19_14"	"https://www.instagram.com/p/CC-P7UXCLmE/"
"IP"	19	15	"item"	"IP19_15"	"https://www.instagram.com/p/B-8s-5BD3F0/"
"IP"	19	16	"item"	"IP19_16"	"https://www.instagram.com/p/CB1GM6HDkXI/"
"IP"	19	17	"item"	"IP19_17"	"https://www.instagram.com/p/CFcUKeSokQs/"
"IP"	19	18	"item"	"IP19_18"	"https://www.instagram.com/p/CHTNmfOL0DO/"
"IP"	19	19	"item"	"IP19_19"	"https://www.instagram.com/p/BcT-rRInqS6/"
"IP"	19	20	"item"	"IP19_20"	"https://www.instagram.com/p/CI-HxgfDvkr/"
"IP"	19	21	"item"	"IP19_21"	"https://www.instagram.com/p/CLbnqQJnAP9/"
"IP"	19	22	"item"	"IP19_22"	"https://www.instagram.com/p/CL3tvA_FR65/"
"IP"	19	23	"item"	"IP19_23"	"https://www.instagram.com/p/CLUdd57F5fH/"
"IP"	19	24	"item"	"IP19_24"	"https://www.instagram.com/p/B_kb1i2jkPU/"
"IP"	19	25	"item"	"IP19_25"	"https://www.instagram.com/p/B-4jOYuDGg6/"
"IP"	19	26	"item"	"IP19_26"	"https://www.instagram.com/p/CM2RtzuLNg8/"
"IP"	19	27	"item"	"IP19_27"	"https://www.instagram.com/p/BPyG30ZD0w_/"
"IP"	19	28	"item"	"IP19_28"	"https://www.instagram.com/p/CDBoRNOD4Vo/"
"IP"	19	29	"item"	"IP19_29"	"https://www.instagram.com/p/CMpUQEWDY28/"
"IP"	19	30	"item"	"IP19_30"	"https://www.instagram.com/p/COKthgIDdHU/"
"IP"	19	31	"item"	"IP19_31"	"https://www.instagram.com/p/CO7PSPZBZgq/"
"IP"	19	32	"item"	"IP19_32"	"https://www.instagram.com/p/B-6UV9eJaoP/"
"IP"	19	33	"item"	"IP19_33"	"https://www.instagram.com/p/CBVVx5kDtex/"
"IP"	19	34	"item"	"IP19_34"	"https://www.instagram.com/p/CPpy6Icjf24/"
"IP"	19	35	"item"	"IP19_35"	"https://www.instagram.com/p/CFPENxqDrYW/"
"IP"	19	36	"item"	"IP19_36"	"https://www.instagram.com/p/CPVbII3jG6A/"
"IP"	19	37	"item"	"IP19_37"	"https://www.instagram.com/p/CPD7AiInoPm/"
"IP"	19	38	"item"	"IP19_38"	"https://www.instagram.com/p/CO7ukjGqhOP/"
"IP"	19	39	"item"	"IP19_39"	"https://www.instagram.com/p/COiI-TXjij7/"
"IP"	19	40	"item"	"IP19_40"	"https://www.instagram.com/p/CQfshXGKl9p/"
"IP"	19	41	"item"	"IP19_41"	"https://www.instagram.com/p/CT7qYoFs4dW/"
"IP"	58		"question"	"IP58"	"de_check_sehen_des41-59"
"IP"	58	1	"item"	"IP58_01"	"https://www.instagram.com/p/B1N_NEOIrTC/"
"IP"	58	2	"item"	"IP58_02"	"https://www.instagram.com/p/CQeDwZxjHtP/"
"IP"	58	3	"item"	"IP58_03"	"https://www.instagram.com/p/CQdpS-WFnGs/"
"IP"	58	4	"item"	"IP58_04"	"https://www.instagram.com/p/CPgb7upD8EJ/"
"IP"	58	5	"item"	"IP58_05"	"https://www.instagram.com/p/B0nPxD7o4_M/"
"IP"	58	6	"item"	"IP58_06"	"https://www.instagram.com/p/BX5zQ8Rlsr8/"
"IP"	58	7	"item"	"IP58_07"	"https://www.instagram.com/p/BSI4VNvh28U/"
"IP"	58	8	"item"	"IP58_08"	"https://www.instagram.com/p/B2eZibkIQUt/"
"IP"	58	9	"item"	"IP58_09"	"https://www.instagram.com/p/Bhl5v59gWcR/"
"IP"	58	10	"item"	"IP58_10"	"https://www.instagram.com/p/BpJXasSlUID/"
"IP"	58	11	"item"	"IP58_11"	"https://www.instagram.com/p/CIu5ryDD9R-/"
"IP"	58	12	"item"	"IP58_12"	"https://www.instagram.com/p/B9HlntZD7nH/"
"IP"	58	13	"item"	"IP58_13"	"https://www.instagram.com/p/BxmNKm-oMAb/"
"IP"	58	14	"item"	"IP58_14"	"https://www.instagram.com/p/BzdNj_eIfGJ/"
"IP"	58	15	"item"	"IP58_15"	"https://www.instagram.com/p/B1oZmpRInb8/"
"IP"	58	16	"item"	"IP58_16"	"https://www.instagram.com/p/B8JslrVjWPd/"
"IP"	58	17	"item"	"IP58_17"	"https://www.instagram.com/p/CBpaQxvjduP/"
"IP"	58	18	"item"	"IP58_18"	"https://www.instagram.com/p/CFM6sUuiWbD/"
"IP"	58	19	"item"	"IP58_19"	"https://www.instagram.com/p/CG9dRXtpGm2/"
"IP"	58	20	"item"	"IP58_20"	"https://www.instagram.com/p/CT7qYoFs4dW/"
"IP"	58	21	"item"	"IP58_21"	"https://www.instagram.com/p/Bawl6x9A_zg/"
"IP"	58	22	"item"	"IP58_22"	"https://www.instagram.com/p/BgOzx1fhkBK/"
"IP"	58	23	"item"	"IP58_23"	"https://www.instagram.com/p/Bmu3VOdngGL/"
"IP"	20		"question"	"IP20"	"de_check_meiner"
"IP"	20	1	"item"	"IP20_01"	"Nein"
"IP"	20	2	"item"	"IP20_02"	"Ja"
"IP"	21		"question"	"IP21"	"de_84_reshare"
"IP"	21	1	"item"	"IP21_01"	"Nein"
"IP"	21	2	"item"	"IP21_02"	"Ja"
"IP"	22		"question"	"IP22"	"de_85_motivation_post"
"IP"	22	1	"item"	"IP22_01"	
"IP"	23		"question"	"IP23"	"de_86_motivation_hashtag"
"IP"	23	1	"item"	"IP23_01"	
"IP"	24		"question"	"IP24"	"de_87_motivation_mention"
"IP"	24	1	"item"	"IP24_01"	
"IP"	25		"question"	"IP25"	"de_88_motivation_text"
"IP"	25	1	"item"	"IP25_01"	
"IP"	26		"question"	"IP26"	"de_90_motivation_foto"
"IP"	26	1	"item"	"IP26_01"	
"IP"	27		"question"	"IP27"	"de_95_kommerz foto"
"IP"	27	1	"item"	"IP27_01"	"Nein"
"IP"	27	2	"item"	"IP27_02"	"Ja"
"IP"	59		"question"	"IP59"	"de_98+99_motiv&Ort"
"IP"	59	1	"item"	"IP59_01"	"Fotomotiv (1.)"
"IP"	59	2	"item"	"IP59_02"	"Standort Fotograf:in (2.)"
"IP"	28		"question"	"IP28"	"de_99_ort_foto"
"IP"	29		"question"	"IP29"	"de_98_ort_fotograf"
"IP"	30		"question"	"IP30"	"de_100_ort_foto_drehort"
"IP"	31		"question"	"IP31"	"de_102_post_date"
"IP"	31	1	"item"	"IP31_01"	"Das Foto/Bild ist am "
"IP"	32		"question"	"IP32"	"de_105_authent drehort"
"IP"	32	1	"item"	"IP32_01"	"Haben Sie den Drehort so fotografiert wie Sie Ihn vor Ort vorgefunden haben?"
"IP"	36		"question"	"IP36"	"pr_check_display_Pro60-86"
"IP"	36	1	"item"	"IP36_01"	"https://www.instagram.com/p/ByNa4kqIbA1/"
"IP"	36	2	"item"	"IP36_02"	"https://www.instagram.com/p/B6DHTCqqVWz/"
"IP"	36	3	"item"	"IP36_03"	"https://www.instagram.com/p/B5pSq3lqacN/"
"IP"	36	4	"item"	"IP36_04"	"https://www.instagram.com/p/B2hKcoKo8Xw/"
"IP"	36	5	"item"	"IP36_05"	"https://www.instagram.com/p/B2-4ikLIl_0/"
"IP"	36	6	"item"	"IP36_06"	"https://www.instagram.com/p/B4ufApKHwT8/"
"IP"	36	7	"item"	"IP36_07"	"https://www.instagram.com/p/B60fi04CiYY/"
"IP"	36	8	"item"	"IP36_08"	"https://www.instagram.com/p/BcR1NmcBszr/"
"IP"	36	9	"item"	"IP36_09"	"https://www.instagram.com/p/B21vwZTgrz0/"
"IP"	36	10	"item"	"IP36_10"	"https://www.instagram.com/p/B0ffl-IIXAR/"
"IP"	36	11	"item"	"IP36_11"	"https://www.instagram.com/p/B75_hw5K9JK/"
"IP"	36	12	"item"	"IP36_12"	"https://www.instagram.com/p/CAAy_nngU0Z/"
"IP"	36	13	"item"	"IP36_13"	"https://www.instagram.com/p/CDBVbEeIgAc/"
"IP"	36	14	"item"	"IP36_14"	"https://www.instagram.com/p/B0qm_6TqYuE/"
"IP"	36	15	"item"	"IP36_15"	"https://www.instagram.com/p/CHf5PCIJpY6/"
"IP"	36	16	"item"	"IP36_16"	"https://www.instagram.com/p/CPz3dg_hMEN/"
"IP"	36	17	"item"	"IP36_17"	"https://www.instagram.com/p/B7tVP4nq93K/"
"IP"	36	18	"item"	"IP36_18"	"https://www.instagram.com/p/CQbqMf9BfZI/"
"IP"	36	19	"item"	"IP36_19"	"https://www.instagram.com/p/CQY7iJDppAE/"
"IP"	36	20	"item"	"IP36_20"	"https://www.instagram.com/p/BaB-eZsAv2P/"
"IP"	36	21	"item"	"IP36_21"	"https://www.instagram.com/p/BPKdHilgSzR/"
"IP"	36	22	"item"	"IP36_22"	"https://www.instagram.com/p/BfRDa4wA9Qt/"
"IP"	36	23	"item"	"IP36_23"	"https://www.instagram.com/p/BfbE103BH2r/"
"IP"	36	24	"item"	"IP36_24"	"https://www.instagram.com/p/BkXyzKwhp-5/"
"IP"	36	25	"item"	"IP36_25"	"https://www.instagram.com/p/BocCgEFBTLg/"
"IP"	36	26	"item"	"IP36_26"	"https://www.instagram.com/p/BrnI1RBAybf/"
"IP"	36	27	"item"	"IP36_27"	"https://www.instagram.com/p/B8hGINUpfsp/"
"IP"	36	28	"item"	"IP36_28"	"https://www.instagram.com/p/CT7qYoFs4dW/"
"IP"	37		"question"	"IP37"	"pr_check_sehen_Pro60-86"
"IP"	37	1	"item"	"IP37_01"	"https://www.instagram.com/p/ByNa4kqIbA1/"
"IP"	37	2	"item"	"IP37_02"	"https://www.instagram.com/p/B6DHTCqqVWz/"
"IP"	37	3	"item"	"IP37_03"	"https://www.instagram.com/p/B5pSq3lqacN/"
"IP"	37	4	"item"	"IP37_04"	"https://www.instagram.com/p/B2hKcoKo8Xw/"
"IP"	37	5	"item"	"IP37_05"	"https://www.instagram.com/p/B2-4ikLIl_0/"
"IP"	37	6	"item"	"IP37_06"	"https://www.instagram.com/p/B4ufApKHwT8/"
"IP"	37	7	"item"	"IP37_07"	"https://www.instagram.com/p/B60fi04CiYY/"
"IP"	37	8	"item"	"IP37_08"	"https://www.instagram.com/p/BcR1NmcBszr/"
"IP"	37	9	"item"	"IP37_09"	"https://www.instagram.com/p/B21vwZTgrz0/"
"IP"	37	10	"item"	"IP37_10"	"https://www.instagram.com/p/B0ffl-IIXAR/"
"IP"	37	11	"item"	"IP37_11"	"https://www.instagram.com/p/B75_hw5K9JK/"
"IP"	37	12	"item"	"IP37_12"	"https://www.instagram.com/p/CAAy_nngU0Z/"
"IP"	37	13	"item"	"IP37_13"	"https://www.instagram.com/p/CDBVbEeIgAc/"
"IP"	37	14	"item"	"IP37_14"	"https://www.instagram.com/p/B0qm_6TqYuE/"
"IP"	37	15	"item"	"IP37_15"	"https://www.instagram.com/p/CHf5PCIJpY6/"
"IP"	37	16	"item"	"IP37_16"	"https://www.instagram.com/p/CPz3dg_hMEN/"
"IP"	37	17	"item"	"IP37_17"	"https://www.instagram.com/p/B7tVP4nq93K/"
"IP"	37	18	"item"	"IP37_18"	"https://www.instagram.com/p/CQbqMf9BfZI/"
"IP"	37	19	"item"	"IP37_19"	"https://www.instagram.com/p/CQY7iJDppAE/"
"IP"	37	20	"item"	"IP37_20"	"https://www.instagram.com/p/BaB-eZsAv2P/"
"IP"	37	21	"item"	"IP37_21"	"https://www.instagram.com/p/BPKdHilgSzR/"
"IP"	37	22	"item"	"IP37_22"	"https://www.instagram.com/p/BfRDa4wA9Qt/"
"IP"	37	23	"item"	"IP37_23"	"https://www.instagram.com/p/BfbE103BH2r/"
"IP"	37	24	"item"	"IP37_24"	"https://www.instagram.com/p/BkXyzKwhp-5/"
"IP"	37	25	"item"	"IP37_25"	"https://www.instagram.com/p/BocCgEFBTLg/"
"IP"	37	26	"item"	"IP37_26"	"https://www.instagram.com/p/BrnI1RBAybf/"
"IP"	37	27	"item"	"IP37_27"	"https://www.instagram.com/p/B8hGINUpfsp/"
"IP"	37	28	"item"	"IP37_28"	"https://www.instagram.com/p/CT7qYoFs4dW/"
"IP"	38		"question"	"IP38"	"pr_check_meiner"
"IP"	38	1	"item"	"IP38_01"	"Nein"
"IP"	38	2	"item"	"IP38_02"	"Ja"
"IP"	39		"question"	"IP39"	"pr_84_reshare"
"IP"	39	1	"item"	"IP39_01"	"Ja"
"IP"	39	2	"item"	"IP39_02"	"Nein"
"IP"	40		"question"	"IP40"	"pr_86_motivation_hashtag"
"IP"	40	1	"item"	"IP40_01"	
"IP"	41		"question"	"IP41"	"pr_87_motivation_mention"
"IP"	41	1	"item"	"IP41_01"	
"IP"	42		"question"	"IP42"	"pr_88_motivation_text"
"IP"	42	1	"item"	"IP42_01"	
"IP"	43		"question"	"IP43"	"pr_90_motivation_foto"
"IP"	43	1	"item"	"IP43_01"	
"IP"	44		"question"	"IP44"	"pr_95_kommerz foto"
"IP"	44	1	"item"	"IP44_01"	"Ja"
"IP"	44	2	"item"	"IP44_02"	"Nein"
"IP"	45		"question"	"IP45"	"pr_97_situation"
"IP"	45	1	"item"	"IP45_01"	
"IP"	60		"question"	"IP60"	"pr_98+99_motiv&Ort"
"IP"	60	1	"item"	"IP60_01"	"Fotomotiv (1.)"
"IP"	60	2	"item"	"IP60_02"	"Standort Fotograf:in (2.)"
"IP"	47		"question"	"IP47"	"pr_100_ort_foto_drehort"
"IP"	48		"question"	"IP48"	"pr_102_post_date"
"IP"	48	1	"item"	"IP48_01"	"Das Foto/Bild ist am "
"IP"	49		"question"	"IP49"	"pr_103_tbt_foto"
"IP"	49	1	"item"	"IP49_01"	"Nein"
"IP"	49	2	"item"	"IP49_02"	"Ja"
"IP"	50		"question"	"IP50"	"pr_105_authent drehort"
"IP"	50	1	"item"	"IP50_01"	
"DE"			"section"	"DE"	"Demografie"
"DE"	2		"question"	"DE02"	"st_117_andere_serien"
"DE"	2	1	"item"	"DE02_01"	
"DE"	3		"question"	"DE03"	"st_118_Formate"
"DE"	3	1	"item"	"DE03_01"	"Dokumentation"
"DE"	3	2	"item"	"DE03_02"	"Sport"
"DE"	3	3	"item"	"DE03_03"	"Serien"
"DE"	3	4	"item"	"DE03_04"	"Filme"
"DE"	3	5	"item"	"DE03_05"	"Spielshows"
"DE"	3	6	"item"	"DE03_06"	"Magazine"
"DE"	3	7	"item"	"DE03_07"	"Nachrichten"
"DE"	3	8	"item"	"DE03_08"	"Live-Events"
"DE"	1		"question"	"DE01"	"st_109-116_demografi"
"DE"	1	1	"item"	"DE01_01"	"Ich wohne in"
"DE"	1	2	"item"	"DE01_02"	
"DE"	1	3	"item"	"DE01_03"	"Ich habe folgenden Bildungsabschluss"
"DE"	1	4	"item"	"DE01_04"	"Mein Familienstand ist"
"DE"	1	5	"item"	"DE01_05"	"als"
"DE"	4		"question"	"DE04"	"st_109_wohnort"
"DE"	4	1	"item"	"DE04_01"	
"DE"	5		"question"	"DE05"	"st_109_Gemeinschaft"
"DE"	5	1	"item"	"DE05_01"	"Einzelgebäude ohne Anbindung"
"DE"	5	2	"item"	"DE05_02"	"Ländliche Gemeinschaft"
"DE"	5	3	"item"	"DE05_03"	"Vorstadtgemeinde"
"DE"	5	4	"item"	"DE05_04"	"Stadt oder Stadtgemeinde"
"DE"	5	5	"item"	"DE05_05"	"Großstadt"
"DE"	5	6	"item"	"DE05_06"	"Metropole"
"DE"	5	7	"item"	"DE05_07"	"Andere, bitte spezifizieren:"
"DE"	6		"question"	"DE06"	"st_112_bildung"
"DE"	6	1	"item"	"DE06_01"	"Mittelschule"
"DE"	6	2	"item"	"DE06_02"	"Hochschulreife"
"DE"	6	3	"item"	"DE06_03"	"Berufsausbildung"
"DE"	6	4	"item"	"DE06_04"	"Bachelor"
"DE"	6	5	"item"	"DE06_05"	"Master"
"DE"	6	6	"item"	"DE06_06"	"Promotion"
"DE"	6	7	"item"	"DE06_07"	"Andere, bitte spezifizieren:"
"DE"	7		"question"	"DE07"	"st_110_alter"
"DE"	7	1	"item"	"DE07_01"	
"DE"	8		"question"	"DE08"	"st_113_familienstand"
"DE"	8	1	"item"	"DE08_01"	"ledig"
"DE"	8	2	"item"	"DE08_02"	"Beziehung"
"DE"	8	3	"item"	"DE08_03"	"verheiratet"
"DE"	8	4	"item"	"DE08_04"	"verwitwet"
"DE"	8	5	"item"	"DE08_05"	"geschieden"
"DE"	8	6	"item"	"DE08_06"	"eingetragene Lebenspartnerschaft"
"DE"	9		"question"	"DE09"	"st_116_beruf"
"DE"	9	1	"item"	"DE09_01"	"Berufe in Unternehmensführung, -organisation (Büro)"
"DE"	9	2	"item"	"DE09_02"	"Medizinische Gesundheitsberufe"
"DE"	9	3	"item"	"DE09_03"	"Verkaufsberufe"
"DE"	9	4	"item"	"DE09_04"	"Verkehr, Logistik (außer Fahrzeugführung)"
"DE"	9	5	"item"	"DE09_05"	"Erziehung, soz., hauswirt. Berufe, Theologie"
"DE"	9	6	"item"	"DE09_06"	"Maschinen- und Fahrzeugtechnikberufe"
"DE"	9	7	"item"	"DE09_07"	"Reinigungsberufe"
"DE"	9	8	"item"	"DE09_08"	"FührerInnen von Fahrzeug- und Transportgeräten"
"DE"	9	9	"item"	"DE09_09"	"Berufe in Finanzdienstleistungen, Rechnungswesen und Steuerberatung"
"DE"	9	10	"item"	"DE09_10"	"Tourismus-, Hotel- und Gaststättenberufe"
"DE"	9	11	"item"	"DE09_11"	"Metallerzeugung, -bearbeitung, Metallbau"
"DE"	9	12	"item"	"DE09_12"	"Berufe in Recht und Verwaltung"
"DE"	9	13	"item"	"DE09_13"	"Technische Forschungs-, Entwicklungs-, Konstruktions- und Produktionssteuerungsberufe"
"DE"	9	14	"item"	"DE09_14"	"Mechatronik-, Energie- und Elektroberufe"
"DE"	9	15	"item"	"DE09_15"	"Nichtmed. Gesundheits-, Körperpflege-/ Wellnessberufe, Medizintechnik"
"DE"	9	16	"item"	"DE09_16"	"Einkaufs-, Vertriebs- und Handelsberufe"
"DE"	9	17	"item"	"DE09_17"	"Lebensmittelherstellung und -verarbeitung"
"DE"	9	18	"item"	"DE09_18"	"Gebäude- und versorgungstechnische Berufe"
"DE"	9	19	"item"	"DE09_19"	"Informatik- und andere IKT-Berufe"
"DE"	9	20	"item"	"DE09_20"	"Lehrende und ausbildende Berufe"
"DE"	9	21	"item"	"DE09_21"	"Hoch- und Tiefbauberufe"
"DE"	9	22	"item"	"DE09_22"	"Werbung, Marketing, kaufmännische und redaktionelle Medienberufe"
"DE"	9	23	"item"	"DE09_23"	"Kunststoff- und Holz- herstellung, -verarbeitung"
"DE"	9	24	"item"	"DE09_24"	"Schutz-, Sicherheits-, Überwachungsberufe"
"DE"	9	26	"item"	"DE09_26"	"Mathematik-, Biologie-, Chemie-, Physikberufe"
"DE"	9	27	"item"	"DE09_27"	"(Innen-) Ausbauberufe"
"DE"	9	28	"item"	"DE09_28"	"Land-, Tier-, Forstwirtschaftsberufe"
"DE"	9	29	"item"	"DE09_29"	"Gartenbauberufe, Floristik"
"DE"	9	30	"item"	"DE09_30"	"Papier-, Druckberufe, tech. Mediengestaltung"
"DE"	9	31	"item"	"DE09_31"	"Bauplanung, Architektur, Vermessungsberufe"
"DE"	9	32	"item"	"DE09_32"	"Darstellende, unterhaltende Berufe"
"DE"	9	33	"item"	"DE09_33"	"Textil- und Lederberufe"
"DE"	9	34	"item"	"DE09_34"	"Rohstoffgewinnung, Glas-, Keramikverarbeitung"
"DE"	9	35	"item"	"DE09_35"	"Sprach-/ Literatur-/ Geistes-/ Gesellschafts-/ Wirtschaftswissenschaften"
"DE"	9	36	"item"	"DE09_36"	"Produktdesign, Kunsthandwerk"
"DE"	9	37	"item"	"DE09_37"	"Geologie-, Geografie-, Umweltschutzberufe"
"DE"	9	38	"item"	"DE09_38"	"Andere, bitte spezifizieren:"
"DE"	11		"question"	"DE11"	"st_email"
"DE"	20		"question"	"DE20"	"st_letzte Frage"
"DE"	20	1	"item"	"DE20_01"	
"DE"	12		"question"	"DE12"	"de_117_andere_serien"
"DE"	12	1	"item"	"DE12_01"	
"DE"	13		"question"	"DE13"	"de_110_alter"
"DE"	13	1	"item"	"DE13_01"	
"DE"	14		"question"	"DE14"	"de_114_tourismus arten1"
"DE"	14	1	"item"	"DE14_01"	"Kulturtouristen"
"DE"	14	2	"item"	"DE14_02"	"Bildungstouristen"
"DE"	14	3	"item"	"DE14_03"	"Naturtouristen"
"DE"	14	4	"item"	"DE14_04"	"Sporttouristen"
"DE"	14	5	"item"	"DE14_05"	"Gesundheitstouristen"
"DE"	14	6	"item"	"DE14_06"	"Erholungstouristen"
"DE"	14	7	"item"	"DE14_07"	"Wellnestouristen"
"DE"	14	8	"item"	"DE14_08"	"Rucksacktouristen"
"DE"	14	9	"item"	"DE14_09"	"Andere, bitte spezifizieren:"
"DE"	15		"question"	"DE15"	"de_114_tourismus arten2"
"DE"	15	1	"item"	"DE15_01"	"Veranstalterreisen"
"DE"	15	2	"item"	"DE15_02"	"Massentourismus"
"DE"	15	3	"item"	"DE15_03"	"Binnentourismus"
"DE"	16		"question"	"DE16"	"de_114_tourismus arten3"
"DE"	16	1	"item"	"DE16_01"	"Auto"
"DE"	16	2	"item"	"DE16_02"	"Wohnwagen"
"DE"	16	3	"item"	"DE16_03"	"Bus"
"DE"	16	4	"item"	"DE16_04"	"Bahn"
"DE"	16	5	"item"	"DE16_05"	"Flugzeug"
"DE"	16	6	"item"	"DE16_06"	"Schiff/Boot"
"DE"	16	7	"item"	"DE16_07"	"zu Fuß"
"DE"	16	8	"item"	"DE16_08"	"Anderes, bitte spezifizieren:"
"DE"	17		"question"	"DE17"	"de_114_tourismus arten4"
"DE"	17	1	"item"	"DE17_01"	"1 Tag (Tagestouristen)"
"DE"	17	2	"item"	"DE17_02"	"2 bis 3 Tage"
"DE"	17	3	"item"	"DE17_03"	"Bis zu 7 Tage"
"DE"	17	4	"item"	"DE17_04"	"Bis zu 14 Tage"
"DE"	17	5	"item"	"DE17_05"	"Länger als 14 Tage"
"DE"	18		"question"	"DE18"	"de_email"
"DE"	19		"question"	"DE19"	"de_letzte Frage"
"DE"	19	1	"item"	"DE19_01"	
"DE"	21		"question"	"DE21"	"pr_111_jahre BD"
"DE"	21	1	"item"	"DE21_01"	
"DE"	22		"question"	"DE22"	"pr_115_Rolle"
"DE"	22	1	"item"	"DE22_01"	"Schauspieler:in"
"DE"	22	2	"item"	"DE22_02"	"Kreativ-Crew (Regisseur, Kamermann:frau etc.)"
"DE"	22	3	"item"	"DE22_03"	"Technische Crew (Beleuchtung, Setbau, Make-up, etc.)"
"DE"	22	4	"item"	"DE22_04"	"Redakteur:in (ZDF, ORF etc.)"
"DE"	22	5	"item"	"DE22_05"	"Drehbuch"
"DE"	22	6	"item"	"DE22_06"	"Backoffice (NDF etc.)"
"DE"	22	7	"item"	"DE22_07"	"Sonstiges, bitte spezifizieren:"
"DE"	23		"question"	"DE23"	"pr_117_andere_produktionen"
"DE"	23	1	"item"	"DE23_01"	
"DE"	24		"question"	"DE24"	"pr_email"
"DE"	25		"question"	"DE25"	"pr_letzte Frage"
"DE"	25	1	"item"	"DE25_01"	
"DE"	26		"question"	"DE26"	"interesse_ergebnisse"
"DE"	10		"question"	"DE10"	"screen_out"
"TE"			"section"	"TE"	"testy section"
"TE"	1		"question"	"TE01"	"de_map1"
"TE"	1	1	"item"	"TE01_01"	"Motiv"
"TE"	1	2	"item"	"TE01_02"	"Standort Fotograf"
"TE"	3		"question"	"TE03"	"de_map3"
"TE"	3	1	"item"	"TE03_01"	"Fotomotiv"
"TE"	3	2	"item"	"TE03_02"	"Standort Fotograf"